364319.8,364108.33,116.160000000422
364319.93333333335,364108.5966666667,116.16
364320.06666666665,364108.86333333334,116.16
364320.2,364109.13,115.88000000048895
364320.4,364109.33,115.61000000047147
364320.65,364109.48,115.61
364320.9,364109.63,115.61
364321.15,364109.78,115.61
364321.4,364109.93,115.42000000038709
364321.2,364110.13,115.32000000059081
364321.4,364110.33,115.08000000048894
364321.60000000003,364110.53,115.08
364321.80000000005,364110.73,115.08
364322.0,364110.93,115.08
364322.2,364111.13,114.81000000062865
364322.4,364111.33,114.56000000058208
364322.64,364111.49,114.56
364322.88,364111.65,114.56
364323.12,364111.81,114.56
364323.36,364111.97000000003,114.39680000105612
364323.6,364112.13,114.15000000070722
364323.8,364112.33,114.15
364324.0,364112.53,114.15
364324.19999999995,364112.73,114.15
364324.39999999997,364112.93,113.9400000006723
364324.6,364113.13,113.76000000052387
364324.8,364113.33,113.76
364325.0,364113.53,113.76
364325.2,364113.73000000004,113.76
364325.4,364113.93000000005,113.67000000028813
364325.6,364114.13,113.4600000006723
364325.8,364114.33,113.46
364326.0,364114.53,113.46
364326.275,364114.58,113.39625000058753
364326.55,364114.63,113.28999999999999
364326.825,364114.68,113.29
364327.1,364114.73,113.29
364327.375,364114.78,113.17625000050604
364327.65,364114.83,113.16
364327.925,364114.88,113.16
364328.2,364114.93,113.16
364328.4,364115.13,113.03999999981374
364328.6666666667,364115.13,113.03999999989524
364328.93333333335,364115.13,113.03999999989524
364329.2,364115.13,113.03999999989524
364329.4,364114.93,113.03999999986904
364329.64444444445,364114.81888888887,113.04
364329.8888888889,364114.70777777774,113.04000000000002
364330.13333333336,364114.5966666667,113.04
364330.3777777778,364114.48555555556,113.03111111115832
364330.6222222222,364114.37444444443,113.03
364330.86666666664,364114.2633333333,113.03
364331.1111111111,364114.15222222224,113.03
364331.35555555555,364114.0411111111,113.01753086426936
364331.6,364113.93,113.04
364331.8,364113.93,113.04
364332.0,364113.93,113.04
364332.2,364113.93,113.04
364332.4,364114.13,113.08999999927241
364332.67500000005,364114.205,113.09
364332.95,364114.28,113.09
364333.225,364114.355,113.11499999885768
364333.5,364114.43,113.29
364333.775,364114.505,113.29
364334.05,364114.57999999996,113.28999999999999
364334.32499999995,364114.65499999997,113.34624999944666
364334.6,364114.73,113.38
364334.86666666664,364114.86333333334,113.38
364335.13333333336,364114.99666666664,113.3899999998923
364335.4,364115.13,113.42000000000873
364335.55000000005,364115.33,113.42
364335.7,364115.53,113.42
364335.85,364115.73,113.42
364336.0,364115.93,113.42
364336.22222222225,364116.13,113.30777777830392
364336.44444444444,364116.33,113.29
364336.6666666667,364116.52999999997,113.29000000000002
364336.8888888889,364116.73,113.29
364337.1111111111,364116.93,113.29
364337.3333333333,364117.13,113.13333333411137
364337.55555555556,364117.32999999996,113.12
364337.77777777775,364117.52999999997,113.12
364338.0,364117.73,113.12
364338.2,364117.82999999996,113.12
364338.4,364117.93,113.1599999997206
364338.61764705885,364118.13588235294,113.18
364338.8352941177,364118.3417647059,113.18
364339.0529411765,364118.5476470588,113.18
364339.2705882353,364118.75352941174,113.18352941169093
364339.4882352941,364118.9594117647,113.2105882346362
364339.70588235295,364119.16529411764,113.32999999999998
364339.9235294118,364119.3711764706,113.33000000000001
364340.1411764706,364119.57705882355,113.38647058763678
364340.35882352944,364119.78294117644,113.41
364340.5764705883,364119.9888235294,113.41
364340.79411764705,364120.19470588234,113.41
364341.0117647059,364120.4005882353,113.40882352956928
364341.2294117647,364120.60647058825,113.39000000000001
364341.44705882354,364120.8123529412,113.39
364341.6647058824,364121.0182352941,113.39441176465223
364341.8823529412,364121.22411764704,113.4
364342.1,364121.43,113.37500000041473
364342.3176470588,364121.63588235294,113.35
364342.53529411764,364121.8417647059,113.35
364342.75294117647,364122.0476470588,113.37941176442084
364342.9705882353,364122.25352941174,113.4
364343.18823529413,364122.4594117647,113.4376470584866
364343.40588235296,364122.66529411764,113.44
364343.62352941174,364122.8711764706,113.44
364343.84117647057,364123.07705882355,113.44735294111904
364344.0588235294,364123.28294117644,113.45000000000002
364344.27647058823,364123.4888235294,113.45000000000002
364344.49411764706,364123.69470588234,113.45
364344.7117647059,364123.9005882353,113.45
364344.9294117647,364124.10647058825,113.45000000000002
364345.1470588235,364124.3123529412,113.41323529457945
364345.3647058823,364124.5182352941,113.4
364345.58235294116,364124.72411764704,113.4
364345.8,364124.93,113.4
364346.0,364124.93,113.4
364346.0,364125.17,113.41
364346.0,364125.41,113.41
364346.0,364125.65,113.41
364346.0,364125.89,113.41
364346.0,364126.13,113.41999999993305
364346.1846153846,364126.3453846154,113.42000000000002
364346.3692307692,364126.56076923077,113.41999999999999
364346.55384615384,364126.7761538462,113.42
364346.73846153845,364126.99153846153,113.42
364346.92307692306,364127.20692307694,113.42000000000002
364347.1076923077,364127.4223076923,113.39846153885019
364347.29230769235,364127.6376923077,113.38
364347.47692307696,364127.85307692306,113.38
364347.6615384616,364128.06846153847,113.40076923055162
364347.8461538462,364128.2838461538,113.41
364348.0307692308,364128.49923076923,113.41
364348.2153846154,364128.7146153846,113.41
364348.4,364128.93,113.41
364348.48571428575,364129.2014285714,113.44
364348.5714285714,364129.47285714286,113.44
364348.65714285715,364129.7442857143,113.44
364348.7428571429,364130.0157142857,113.45714285683022
364348.8285714286,364130.28714285715,113.47999999999999
364348.9142857143,364130.5585714286,113.47999999999999
364349.0,364130.82999999996,113.48
364349.0857142857,364131.1014285714,113.52346938723925
364349.1714285714,364131.3728571428,113.53714285693498
364349.2571428571,364131.64428571425,113.54000000000002
364349.34285714285,364131.9157142857,113.53999999999999
364349.4285714286,364132.1871428571,113.53999999999999
364349.51428571425,364132.45857142855,113.54000000000002
364349.6,364132.73,113.54
