366153.65,362580.04,116.83999999986612
366153.45,362580.24,116.83999999944703
366153.45,362580.44,116.83999999944703
366153.25,362580.64,116.84
366153.25,362580.84,116.84
366153.05,362580.84,116.84
366153.05,362581.04,116.84
366153.05,362581.24,116.8399999999185
366152.85,362581.24,116.8399999999185
366152.85,362581.44,116.83
366152.65,362581.44,116.83
366152.65,362581.64,116.83
366152.65,362581.84,116.83
366152.45,362581.84,116.85999999920546
366152.45,362582.04,116.85999999920546
366152.25,362582.24,116.86
366152.05,362582.44,116.86
366152.05,362582.64,116.86
366151.85,362582.84,116.86
366151.85,362583.04,116.86
366151.65,362583.04,116.86
366151.65,362583.24,116.85999999968567
366151.65,362583.44,116.83
366151.45,362583.44,116.85999999924039
366151.45,362583.64,116.85999999924039
366151.25,362583.64,116.86
366151.25,362583.84,116.86
366151.25,362584.04,116.86
366151.05,362584.04,116.86
366151.05,362584.24,116.86
366150.85,362584.44,116.86
366150.85,362584.64,116.86
366150.65,362584.64,116.86
366150.65,362584.84,116.86
366150.45,362585.04,116.83000000072468
366150.45,362585.24,116.83000000072468
366150.25,362585.24,116.83
366150.25,362585.44,116.83
366150.25,362585.64,116.83
366150.05,362585.64,116.83
366150.05,362585.84,116.83
366149.85,362585.84,116.83
366149.85,362586.04,116.83
366149.85,362586.24,116.8300000001397
366149.65,362586.24,116.8300000001397
366149.65,362586.44,116.84
366149.45,362586.64,116.84999999977008
366149.45,362586.84,116.84999999977008
366149.25,362586.84,116.85
366149.25,362587.04,116.85
366149.05,362587.24,116.85
366149.05,362587.44,116.85
366148.85,362587.44,116.85
366148.85,362587.64,116.85
366148.85,362587.84,116.85
366148.65,362587.84,116.85
366148.65,362588.04,116.85
366148.45,362588.04,116.84000000021828
366148.45,362588.24,116.84000000021828
366148.45,362588.44,116.84
366148.25,362588.44,116.84
366148.25,362588.64,116.84
366148.05,362588.84,116.84
366148.05,362589.04,116.84
366147.85,362589.24,116.84
366147.65,362589.44,116.84
366147.65,362589.64,116.84
366147.45,362589.64,116.85999999958672
366147.45,362589.84,116.85999999958672
366147.45,362590.04,116.85999999958672
366147.25,362590.04,116.86
366147.25,362590.24,116.85999999944121
366147.05,362590.24,116.85999999944121
366147.05,362590.44,116.83
366147.05,362590.64,116.83
366146.85,362590.64,116.83
366146.85,362590.84,116.83
366146.65,362591.04,116.83
366146.65,362591.24,116.83000000019791
366146.45,362591.44,116.84
366146.45,362591.64,116.84
366146.45,362591.84,116.84
366146.25,362591.84,116.84
366146.25,362592.04,116.84
366146.25,362592.24,116.83999999979046
366146.25,362592.44,116.83
366146.25,362592.64,116.83
366146.05,362592.64,116.83
366146.05,362592.84,116.83
366146.05,362593.04,116.83
366146.05,362593.24,116.83000000044238
366146.05,362593.44,116.85
366145.85,362593.64,116.85
366145.85,362593.84,116.85
366145.85,362594.04,116.85
366145.85,362594.24,116.84999999976716
366145.85,362594.44,116.84
366145.65,362594.44,116.84
366145.65,362594.64,116.84
366145.65,362594.84,116.84
366145.65,362595.04,116.84
366145.65,362595.24,116.84000000048894
366145.45,362595.24,116.83999999975553
366145.45,362595.44,116.83000000055006
366145.45,362595.64,116.83000000055006
366145.45,362595.84,116.83000000055006
366145.45,362596.04,116.83000000055006
366145.25,362596.04,116.83
366145.25,362596.24,116.83000000051223
366145.25,362596.44,116.85
366145.25,362596.64,116.85
366145.25,362596.84,116.85
366145.05,362597.04,116.85
366145.05,362597.24,116.84999999973223
366145.05,362597.44,116.84
366145.05,362597.64,116.84
366144.85,362597.84,116.84
366144.85,362598.04,116.84
366144.85,362598.24,116.8399999997206
366144.85,362598.44,116.83
366144.85,362598.64,116.83
366144.65,362598.64,116.83
366144.65,362598.84,116.83
366144.65,362599.04,116.83
366144.85,362599.24,116.83000000029104
366144.85,362599.44,116.84
366145.05,362599.44,116.84
366145.05,362599.64,116.84
366145.25,362599.64,116.84
366145.25,362599.84,116.84
366145.45,362599.84,116.84
366145.45,362600.04,116.84
366145.65,362600.04,116.84
366145.65,362600.24,116.83999999909196
366145.85,362600.44,116.81
366145.85,362600.64,116.81
366146.05,362600.64,116.81
366146.05,362600.84,116.81
366146.25,362600.84,116.81
366146.25,362601.04,116.81
366146.45,362601.04,116.81000000038999
366146.45,362601.24,116.81000000101864
366146.65,362601.24,116.82999999968568
366146.65,362601.44,116.82
366146.85,362601.64,116.82
366147.05,362601.64,116.82
366147.05,362601.84,116.82
366147.25,362601.84,116.82
366147.45,362601.84,116.82000000041326
366147.65,362601.84,116.84
366147.65,362602.04,116.84
366147.85,362602.04,116.84
366148.05,362602.04,116.84
366148.25,362602.04,116.84
366148.25,362602.24,116.84000000032597
366148.45,362602.24,116.8400000001077
366148.65,362602.24,116.83000000097789
366148.85,362602.44,116.86
366149.05,362602.44,116.86
366149.25,362602.44,116.86
366149.45,362602.64,116.86
366149.65,362602.64,116.86
366149.85,362602.64,116.86
366149.85,362602.84,116.86
366150.05,362602.84,116.86
366150.25,362602.84,116.86
366150.45,362603.04,116.85999999975844
366150.65,362603.04,116.85
366150.85,362603.04,116.85
366151.05,362603.24,116.85000000067521
366151.25,362603.24,116.85000000067521
366151.45,362603.24,116.85000000092842
366151.65,362603.44,116.85
366151.85,362603.44,116.85
366152.05,362603.44,116.85
366152.05,362603.64,116.85
366152.25,362603.64,116.85
366152.45,362603.64,116.85000000026484
366152.65,362603.64,116.86
366152.65,362603.84,116.86
366152.85,362603.84,116.86
366153.05,362603.84,116.86
366153.25,362604.04,116.86
366153.45,362604.04,116.86
366153.65,362604.04,116.86
366153.65,362604.24,116.85999999965075
366153.85,362604.24,116.85999999965075
366154.05,362604.24,116.85999999965075
366154.25,362604.24,116.85999999965075
366154.25,362604.44,116.85
366154.45,362604.44,116.85000000028812
366154.65,362604.44,116.86
366154.85,362604.44,116.86
366154.85,362604.64,116.86
366155.05,362604.64,116.86
366155.25,362604.64,116.86
366155.45,362604.84,116.86000000029978
366155.65,362604.84,116.87
366155.85,362604.84,116.87
366155.85,362605.04,116.87
366156.05,362605.04,116.87
366156.25,362605.04,116.87
366156.45,362605.04,116.87000000031142
366156.45,362605.24,116.87000000031142
366156.65,362605.24,116.88
366156.85,362605.24,116.88
366157.05,362605.44,116.8799999996362
366157.25,362605.44,116.8799999996362
366157.45,362605.44,116.88000000060536
366157.65,362605.64,116.88
366157.85,362605.64,116.88
366158.05,362605.64,116.88
366158.25,362605.84,116.88
366158.45,362605.84,116.88
366158.65,362605.84,116.88
366158.65,362606.04,116.88
366158.85,362606.04,116.88
366159.05,362606.04,116.88
366159.25,362606.24,116.88
366159.45,362606.24,116.88000000069266
366159.65,362606.24,116.9
366159.85,362606.44,116.90000000037544
366160.05,362606.44,116.90000000037544
366160.25,362606.44,116.90000000037544
366160.25,362606.64,116.91
366160.45,362606.64,116.90999999928405
366160.65,362606.64,116.89
366160.85,362606.64,116.89
366160.85,362606.84,116.89
366161.05,362606.84,116.89
366161.25,362606.84,116.89
366161.45,362606.84,116.89000000110886
366161.45,362607.04,116.89000000110886
366161.65,362607.04,116.92
366161.85,362606.84,116.92
366161.85,362606.64,116.92
366162.05,362606.64,116.92
366162.05,362606.44,116.91000000037543
366162.25,362606.24,116.91
366162.25,362606.04,116.91
366162.45,362606.04,116.90999999961873
366162.45,362605.84,116.90999999961873
366162.65,362605.64,116.9
366162.85,362605.44,116.8900000003638
366162.85,362605.24,116.89
366163.05,362605.24,116.89
366163.05,362605.04,116.89
366163.25,362604.84,116.89
366163.25,362604.64,116.89
366163.45,362604.64,116.8899999984284
366163.45,362604.44,116.8899999984284
366163.65,362604.24,116.86999999930151
