364698.04,363774.84,120.15
364697.83999999997,363775.04000000004,120.19999999983993
364697.64,363775.24,120.2
364697.6066666667,363775.50666666665,120.19999999999999
364697.57333333336,363775.7733333333,120.2
364697.54000000004,363776.04000000004,120.05000000052387
364697.50666666665,363776.3066666667,120.04999999999998
364697.4733333333,363776.57333333336,120.04999999999998
364697.44,363776.84,120.05000000017462
364697.24,363777.04000000004,119.99000000041617
364697.04,363777.24,119.99
364697.17333333334,363777.50666666665,119.99000000000001
364697.30666666664,363777.7733333333,119.98000000010768
364697.44,363778.04,119.99999999965075
364697.64,363778.20666666667,120.0
364697.84,363778.3733333333,120.0
364698.04000000004,363778.54,120.0
364698.24,363778.70666666667,120.0
364698.44,363778.8733333333,119.94833333356326
364698.64,363779.04,119.94000000004657
364698.57333333336,363779.30666666664,119.94
364698.50666666665,363779.57333333336,119.94
364698.44,363779.84,119.94000000015133
364698.24,363780.04000000004,119.89000000041909
364698.04,363780.24,119.89
364697.83999999997,363780.44,119.89
364697.64,363780.64,119.89
364697.44,363780.83999999997,119.88999999993015
364697.24,363781.04,119.87
364697.0733333333,363781.24,119.87
364696.9066666667,363781.44,119.87
364696.74,363781.64,119.87
364696.5733333333,363781.83999999997,119.87
364696.4066666667,363782.04,119.85999999981082
364696.24,363782.24,119.81
364696.0266666667,363782.42666666664,119.81
364695.8133333333,363782.61333333334,119.81
364695.6,363782.8,119.81
364695.38666666666,363782.98666666663,119.82293333315103
364695.17333333334,363783.17333333334,119.79000000000002
364694.95999999996,363783.36,119.79000000000002
364694.74666666664,363783.54666666663,119.79
364694.5333333333,363783.73333333334,119.79
364694.32,363783.92,119.77960000009594
364694.10666666663,363784.10666666663,119.73999999999998
364693.8933333333,363784.29333333333,119.73999999999998
364693.68,363784.48,119.74
364693.4666666667,363784.6666666666,119.73999999999998
364693.2533333333,363784.85333333333,119.73008888891512
364693.04,363785.04,119.72000000006403
364692.83999999997,363785.24,119.72
364692.63999999996,363785.44,119.72
364692.44,363785.63999999996,119.71999999995926
364692.24,363785.83999999997,119.7
364692.04,363786.04,119.67000000020082
364691.83999999997,363786.24,119.67
364691.63999999996,363786.44,119.67
364691.44,363786.63999999996,119.66999999993014
364691.24,363786.83999999997,119.63
364691.04,363787.04,119.63
364690.9733333333,363787.24,119.63
364690.9066666667,363787.44,119.63
364690.84,363787.64,119.63
364690.84,363787.9275,119.62562500007184
364690.84,363788.215,119.62
364690.84,363788.5025,119.62
364690.84,363788.79000000004,119.62
364690.84,363789.0775,119.6
364690.84,363789.365,119.6
364690.84,363789.6525,119.6
364690.84,363789.94,119.57000000046276
364690.84,363790.2275,119.54
364690.84,363790.515,119.54
364690.84,363790.8025,119.54
364690.84,363791.08999999997,119.57
364690.84,363791.3775,119.57
364690.84,363791.665,119.57
364690.84,363791.9525,119.5643750000824
364690.84,363792.24,119.56
364691.04,363792.44,119.56
364691.04,363792.64,119.56
364691.04,363792.84,119.56
364690.84,363793.04,119.46000000087311
364690.92000000004,363793.32,119.45999999999998
364691.0,363793.6,119.46
364691.08,363793.88,119.45000000044237
364691.16,363794.16,119.41
364691.24,363794.44,119.41
364691.4066666667,363794.64,119.3766666667346
364691.5733333333,363794.84,119.37
364691.74,363795.04000000004,119.38999999981957
364691.9066666667,363795.24,119.39
364692.0733333333,363795.44,119.39
364692.24,363795.64,119.39
364692.24,363795.92571428575,119.385714285807
364692.24,363796.21142857143,119.38
364692.24,363796.4971428572,119.38
364692.24,363796.78285714285,119.38
364692.24,363797.0685714286,119.37
364692.24,363797.3542857143,119.37
364692.24,363797.64,119.37
364692.44,363797.84,119.21000000032595
364692.24,363798.04,119.02000000356522
364692.27999999997,363798.32,118.99600000025843
364692.32,363798.6,118.9720000002375
364692.36,363798.88,118.90600000237312
364692.4,363799.16,118.73400000003842
364692.44,363799.44,118.73000000004075
364692.46857142856,363799.72571428574,118.73
364692.4971428572,363800.0114285714,118.64428571535423
364692.52571428573,363800.29714285716,118.63
364692.5542857143,363800.58285714284,118.63
364692.58285714284,363800.8685714286,118.61285714415934
364692.61142857146,363801.15428571426,118.51
364692.64,363801.44,118.51
364692.83999999997,363801.64,118.51
364693.04,363801.84,118.51
364693.20666666667,363802.07333333336,118.53
364693.3733333333,363802.3066666667,118.52333333335855
364693.54,363802.54000000004,118.52
364693.70666666667,363802.7733333333,118.52
364693.8733333333,363803.00666666665,118.49500000034779
364694.04,363803.24,118.49
364693.9733333333,363803.44,118.49
364693.9066666667,363803.64,118.48999999999998
364693.84,363803.84,118.49
364693.84,363804.09,118.33
364693.84,363804.34,118.33
364693.84,363804.59,118.33
364693.84,363804.84,118.33
364694.04,363805.04,118.13000000244472
364694.04,363805.30666666664,118.13
364694.04,363805.57333333336,118.13
364694.04,363805.84,118.13
364694.24,363806.04,117.90000000287837
364694.44,363805.83999999997,117.70000000112633
364694.64,363805.64,117.7
364694.83999999997,363805.44,117.7
364695.04,363805.24,117.7
364695.24,363805.04000000004,117.70000000429573
364695.44,363804.84,117.63000000125146
364695.70666666667,363804.9066666667,117.54333333646102
364695.9733333333,363804.9733333333,117.45666666981958
364696.24,363805.04,117.37000000317815
364696.44,363804.84,117.23000000128057
364696.64,363805.04,116.97000000317814
364696.7733333333,363805.30666666664,116.97
364696.9066666667,363805.57333333336,116.97
364697.04,363805.84,116.97
364697.24,363806.04,116.71000000325381
364697.44,363805.84,116.53000000153668
364697.6,363806.08,116.25
364697.76,363806.32,116.25
364697.92,363806.56,116.25
364698.08,363806.8,116.25
364698.24,363807.04,116.09000000204891
364698.44,363806.9066666667,115.90666666864672
364698.64,363806.7733333333,115.93
364698.84,363806.64,115.93
364699.04,363806.84,115.93
364699.24,363806.74,115.93
364699.44,363806.64,115.76000000069268
364699.64,363806.48000000004,115.76
364699.84,363806.32,115.76
364700.04,363806.16000000003,115.76
364700.24,363806.0,115.76800000049593
364700.44,363805.84,115.61000000082946
364700.64,363805.74,115.61
364700.84,363805.64,115.61
364701.08444444445,363805.50666666665,115.60999999999999
364701.3288888889,363805.37333333335,115.5522222228318
364701.57333333336,363805.24,115.48
364701.8177777778,363805.1066666667,115.48
364702.0622222222,363804.9733333333,115.46333333272702
364702.30666666664,363804.84,115.41000000030269
364702.5511111111,363804.70666666667,115.37
364702.79555555555,363804.57333333336,115.37
364703.04,363804.44,115.37
364703.3356521739,363804.4052173913,115.32217391356988
364703.63130434783,363804.3704347826,115.27
364703.9269565217,363804.3356521739,115.27000000000001
364704.2226086956,363804.3008695652,115.26999999999998
364704.51826086955,363804.26608695654,115.20000000000002
364704.8139130435,363804.2313043478,115.2
364705.1095652174,363804.1965217391,115.2
364705.4052173913,363804.16173913045,115.15043478295263
364705.7008695652,363804.12695652177,115.14000000000001
364705.9965217391,363804.092173913,115.14000000000001
364706.29217391304,363804.05739130435,115.12173913086173
364706.58782608696,363804.02260869567,115.06043478131699
364706.8834782609,363803.987826087,115.04130434654411
364707.1791304348,363803.95304347825,115.02217391173923
364707.4747826087,363803.91826086957,114.93130434688464
364707.7704347826,363803.8834782609,114.91739130341348
364708.06608695653,363803.8486956522,114.90347825994229
364708.36173913046,363803.8139130435,114.86956521771967
364708.6573913044,363803.7791304348,114.85
364708.9530434783,363803.7443478261,114.85
364709.2486956522,363803.70956521743,114.84434782698841
364709.5443478261,363803.6747826087,114.72
364709.84,363803.64,114.72
364710.04000000004,363803.7733333333,114.72
364710.24,363803.9066666667,114.66000000211294
364710.44,363804.04,114.59999999992141
364710.44,363804.24,114.59999999956344
364710.44,363804.44,114.59999999956344
364710.64,363804.64,114.6
364710.89,363804.74,114.6
364711.14,363804.83999999997,114.6
364711.39,363804.94,114.56625000012805
364711.64,363805.04,114.56999999987777
364711.89714285714,363805.1828571428,114.57
364712.1542857143,363805.3257142857,114.57
364712.41142857145,363805.46857142856,114.55285714301263
364712.66857142857,363805.6114285714,114.55
364712.9257142857,363805.75428571424,114.55
364713.1828571429,363805.89714285714,114.55285714273325
364713.44,363806.04,114.55000000045692
364713.7288888889,363806.10666666663,114.54999999999998
364714.0177777778,363806.17333333334,114.54999999999998
364714.30666666664,363806.24,114.54666666675203
364714.59555555554,363806.30666666664,114.54000000000002
364714.88444444444,363806.37333333335,114.53999999999999
364715.17333333334,363806.44,114.54
364715.4622222222,363806.50666666665,114.57999999999998
364715.7511111111,363806.57333333336,114.57999999999998
364716.04,363806.64,114.58
364716.24,363806.83999999997,114.58
364716.44,363807.04,114.55999999934517
364716.69,363807.04,114.55999999961584
364716.94,363807.04,114.55999999961584
364717.19,363807.04,114.55999999961584
364717.44,363807.04,114.54000000031434
364717.64,363807.24,114.54
364717.9066666667,363807.30666666664,114.53999999999999
364718.17333333334,363807.37333333335,114.53999999999999
364718.44,363807.44,114.51000000028814
364718.64,363807.64,114.51
364718.89,363807.74,114.51
364719.14,363807.83999999997,114.51
364719.39,363807.94,114.49875000063301
364719.64,363808.04,114.47000000065484
364719.91500000004,363808.14,114.47
364720.19,363808.24,114.47
364720.465,363808.33999999997,114.51
364720.74,363808.44,114.51
364721.015,363808.54000000004,114.51
364721.29000000004,363808.64,114.50500000020519
364721.565,363808.74,114.49
364721.84,363808.84,114.49
364722.04000000004,363808.84,114.49
364722.24,363808.84,114.49
364722.44,363809.04,114.46000000029393
364722.70666666667,363809.04,114.46000000040164
364722.9733333333,363809.04,114.46000000040164
364723.24,363809.04,114.46000000040162
364723.50666666665,363809.04,114.46000000013386
364723.7733333334,363809.04,114.46000000013389
364724.04000000004,363809.04,114.46000000013387
364724.3066666667,363809.04,114.4566666667336
364724.57333333336,363809.04,114.44999999959839
364724.84,363809.04,114.44999999959838
364725.14,363809.04,114.44999999959838
364725.44,363809.04,114.41000000100117
364725.74000000005,363809.04,114.4100000005355
364726.04000000004,363809.04,114.4100000005355
364726.34,363809.04,114.4249999998472
364726.64,363809.04,114.43999999986612
364726.94,363809.04,114.43999999986612
364727.24,363809.04,114.43999999986612
364727.54000000004,363809.04,114.41000000026774
364727.84,363809.04,114.41000000026774
364728.14,363809.04,114.41000000026774
364728.44,363809.04,114.40000000025903
364728.74,363809.04,114.40000000013389
364729.04000000004,363809.04,114.40000000013389
364729.34,363809.04,114.40000000013389
364729.64,363809.04,114.38000000038998
364729.94,363809.04,114.38000000013388
364730.24,363809.04,114.38000000013388
364730.54,363809.04,114.37500000019935
364730.84,363809.04,114.37
364731.14,363809.04,114.37
364731.44,363809.04,114.37
364731.64,363808.84,114.35000000026776
364731.9066666667,363808.84,114.35
364732.17333333334,363808.84,114.35
364732.44,363808.84,114.35
364732.64,363809.04,114.3600000006752
364732.9066666667,363809.04,114.36000000040163
364733.17333333334,363809.04,114.36000000040163
364733.44,363809.04,114.36000000040163
364733.70666666667,363808.9733333333,114.35666666653377
364733.9733333333,363808.9066666667,114.35333333320139
364734.24,363808.83999999997,114.35
364734.50666666665,363808.7733333333,114.35666666637951
364734.7733333333,363808.70666666667,114.37
364735.04,363808.64,114.37
364735.29,363808.59,114.37
364735.54,363808.54000000004,114.36000000029395
364735.79,363808.49,114.35
364736.04,363808.44,114.35
364736.3333333333,363808.41333333333,114.35
364736.62666666665,363808.38666666666,114.35
364736.92,363808.36,114.35
364737.2133333333,363808.3333333333,114.35
364737.50666666665,363808.30666666664,114.35333333318104
364737.8,363808.27999999997,114.36000000000001
364738.0933333333,363808.2533333333,114.36000000000001
364738.38666666666,363808.2266666667,114.36
364738.68,363808.2,114.35
364738.9733333333,363808.17333333334,114.35
364739.26666666666,363808.14666666667,114.35
364739.56,363808.12,114.32600000063098
364739.85333333333,363808.0933333333,114.31
364740.14666666667,363808.06666666665,114.31
364740.44,363808.04,114.31000000065484
364740.64,363807.84,114.30000000096042
364740.94,363807.84,114.3
364741.24,363807.84,114.3
364741.54000000004,363807.84,114.29500000016154
364741.84,363807.84,114.29
364742.14,363807.84,114.29
364742.44,363807.84,114.29
364742.64,363808.04,114.26000000151922
364742.94,363808.04,114.26000000052387
364743.24,363808.04,114.26000000052387
364743.44,363808.24,114.26
364743.64,363808.44,114.24000000033759
364743.84,363808.64,114.24
364743.9733333333,363808.84,114.23999999999998
364744.1066666667,363809.04,114.22000000026775
364744.24,363809.24,114.22
364744.24,363809.44,114.22
364744.24,363809.64,114.22
364744.27999999997,363809.88,114.21800000013505
364744.32,363810.12,114.21
364744.36,363810.36000000004,114.20999999999998
364744.4,363810.60000000003,114.20999999999998
364744.44,363810.84,114.21
364744.665,363810.99,114.1799999994441
364744.89,363811.14,114.19
364745.115,363811.29000000004,114.19
364745.33999999997,363811.44,114.19
364745.565,363811.58999999997,114.19
364745.79,363811.74,114.19
364746.015,363811.89,114.16750000126382
364746.24,363812.04,114.10000000128348
364746.39999999997,363812.27999999997,114.1
364746.56,363812.51999999996,114.09400000017811
364746.72,363812.76,114.09
364746.88,363813.0,114.09
364747.04,363813.24,114.09
364747.24,363813.44,114.09
364747.44,363813.64,114.09
364747.64,363813.84,114.08000000018043
364747.83999999997,363814.04,114.07000000014841
364748.04,363814.24,114.07
364748.24,363814.44,114.07
364748.44,363814.64,114.07
364748.7275,363814.60250000004,113.97
364749.015,363814.565,113.97
364749.3025,363814.5275,113.97
364749.58999999997,363814.49,113.82000000376894
364749.8775,363814.4525,113.76999999999998
364750.165,363814.415,113.76999999999998
364750.4525,363814.3775,113.76062500282943
364750.74,363814.33999999997,113.62
364751.02749999997,363814.3025,113.62
364751.315,363814.265,113.62
364751.6025,363814.2275,113.49812500290582
364751.89,363814.19,113.47
364752.1775,363814.15249999997,113.47
364752.46499999997,363814.115,113.47374999940953
364752.7525,363814.07749999996,113.5
364753.04,363814.04,113.50000000133586
364753.24,363814.24,113.5
364753.44,363814.44,113.5
364753.64,363814.64,113.52999999940629
364753.83999999997,363814.83999999997,113.53
364754.04,363815.04,113.53999999984867
364754.24,363815.24,113.54
364754.44,363815.44,113.54
364754.52,363815.72000000003,113.54
364754.60000000003,363816.0,113.54000000000002
364754.68,363816.28,113.54
364754.76,363816.56,113.54000000000002
364754.84,363816.84,113.54
364754.9066666667,363817.04000000004,113.54
364754.9733333333,363817.24,113.54
364755.04,363817.44,113.54
364755.19,363817.665,113.54
364755.33999999997,363817.89,113.54249999984212
364755.49,363818.115,113.55
364755.64,363818.33999999997,113.55
364755.79,363818.565,113.55
364755.94,363818.79,113.55
364756.08999999997,363819.015,113.55
364756.24,363819.24,113.55
364756.33999999997,363819.49,113.55
364756.44,363819.74,113.55
364756.54000000004,363819.99,113.55625000013387
364756.64,363820.24,113.55000000020664
364756.76,363820.504,113.55000000000001
364756.88,363820.768,113.55
364757.0,363821.032,113.54040000016741
364757.12,363821.296,113.54000000000002
364757.24,363821.56,113.54
364757.36,363821.824,113.54
364757.48000000004,363822.088,113.52000000000001
364757.60000000003,363822.352,113.52
364757.72000000003,363822.616,113.52
364757.84,363822.88,113.51800000017288
364757.96,363823.14400000003,113.51000000000002
364758.08,363823.408,113.51
364758.2,363823.672,113.51
364758.32,363823.936,113.51479999982317
364758.44,363824.2,113.52
364758.56,363824.46400000004,113.51400000021304
364758.68,363824.728,113.51
364758.8,363824.992,113.50240000017789
364758.92000000004,363825.256,113.5
364759.04000000004,363825.52,113.5
364759.16000000003,363825.78400000004,113.5
364759.28,363826.048,113.51
364759.4,363826.31200000003,113.50999999999999
364759.52,363826.576,113.50999999999999
364759.64,363826.84,113.51
364759.69,363827.09,113.52000000000001
364759.74,363827.34,113.52
364759.79000000004,363827.59,113.52
364759.84,363827.84,113.52
364759.7733333334,363828.04000000004,113.52
364759.70666666667,363828.24,113.52000000000001
364759.64,363828.44,113.52
